score;completeness;rescuebot_action;rescuebot_location;human_action;human_location;world_nr;tick_nr
0;0.0;;(22, 11);;(22, 12);1;0
0;0.0;;(22, 11);;(22, 12);1;1
0;0.0;;(22, 11);;(22, 12);1;2
0;0.0;;(22, 11);;(22, 12);1;3
0;0.0;;(22, 11);;(22, 12);1;4
0;0.0;;(22, 11);;(22, 12);1;5
0;0.0;;(22, 11);;(22, 12);1;6
0;0.0;;(22, 11);;(22, 12);1;7
0;0.0;;(22, 11);;(22, 12);1;8
0;0.0;;(22, 11);;(22, 12);1;9
0;0.0;;(22, 11);;(22, 12);1;10
0;0.0;;(22, 11);;(22, 12);1;11
0;0.0;;(22, 11);;(22, 12);1;12
0;0.0;;(22, 11);;(22, 12);1;13
0;0.0;;(22, 11);;(22, 12);1;14
0;0.0;MoveNorth;(22, 11);;(22, 12);1;15
0;0.0;MoveNorth;(22, 11);;(22, 12);1;16
0;0.0;MoveNorth;(22, 11);;(22, 12);1;17
0;0.0;MoveNorth;(22, 11);;(22, 12);1;18
0;0.0;MoveNorth;(22, 11);;(22, 12);1;19
0;0.0;MoveNorth;(22, 11);;(22, 12);1;20
0;0.0;MoveNorth;(22, 11);;(22, 12);1;21
0;0.0;MoveNorth;(22, 11);;(22, 12);1;22
0;0.0;MoveNorth;(22, 10);;(22, 12);1;23
0;0.0;MoveNorth;(22, 10);;(22, 12);1;24
0;0.0;MoveNorth;(22, 10);;(22, 12);1;25
0;0.0;MoveNorth;(22, 10);MoveWest;(21, 12);1;26
0;0.0;MoveNorth;(22, 10);MoveWest;(20, 12);1;27
0;0.0;MoveNorth;(22, 10);;(20, 12);1;28
0;0.0;MoveNorth;(22, 10);MoveWest;(19, 12);1;29
0;0.0;MoveNorth;(22, 10);;(19, 12);1;30
0;0.0;MoveNorth;(22, 10);MoveNorth;(19, 11);1;31
0;0.0;MoveNorth;(22, 9);;(19, 11);1;32
0;0.0;MoveNorth;(22, 9);MoveNorth;(19, 10);1;33
0;0.0;MoveNorth;(22, 9);MoveNorth;(19, 9);1;34
0;0.0;MoveNorth;(22, 9);MoveNorth;(19, 9);1;35
0;0.0;MoveNorth;(22, 9);MoveNorth;(19, 9);1;36
0;0.0;MoveNorth;(22, 9);MoveNorth;(19, 9);1;37
0;0.0;MoveNorth;(22, 9);MoveNorth;(19, 9);1;38
0;0.0;MoveNorth;(22, 9);MoveNorth;(19, 9);1;39
0;0.0;MoveNorth;(22, 9);MoveNorth;(19, 8);1;40
0;0.0;MoveNorth;(22, 8);MoveNorth;(19, 8);1;41
0;0.0;MoveNorth;(22, 8);MoveNorth;(19, 8);1;42
0;0.0;MoveNorth;(22, 8);MoveNorth;(19, 8);1;43
0;0.0;MoveNorth;(22, 8);MoveNorth;(19, 8);1;44
0;0.0;MoveNorth;(22, 8);MoveNorth;(19, 8);1;45
0;0.0;MoveNorth;(22, 8);MoveNorth;(19, 7);1;46
0;0.0;MoveNorth;(22, 8);MoveWest;(19, 7);1;47
0;0.0;MoveNorth;(22, 8);MoveWest;(19, 7);1;48
0;0.0;MoveNorth;(22, 8);MoveWest;(19, 7);1;49
0;0.0;MoveNorth;(22, 7);MoveWest;(19, 7);1;50
0;0.0;MoveNorthWest;(22, 7);MoveWest;(19, 7);1;51
0;0.0;MoveNorthWest;(22, 7);MoveWest;(18, 7);1;52
0;0.0;MoveNorthWest;(22, 7);MoveNorth;(18, 6);1;53
0;0.0;MoveNorthWest;(22, 7);;(18, 6);1;54
0;0.0;MoveNorthWest;(22, 7);;(18, 6);1;55
0;0.0;MoveNorthWest;(22, 7);MoveWest;(17, 6);1;56
0;0.0;MoveNorthWest;(22, 7);;(17, 6);1;57
0;0.0;MoveNorthWest;(22, 7);;(17, 6);1;58
0;0.0;MoveNorthWest;(21, 6);;(17, 6);1;59
0;0.0;MoveNorth;(21, 6);;(17, 6);1;60
0;0.0;MoveNorth;(21, 6);;(17, 6);1;61
0;0.0;MoveNorth;(21, 6);;(17, 6);1;62
0;0.0;MoveNorth;(21, 6);MoveNorth;(17, 5);1;63
0;0.0;MoveNorth;(21, 6);;(17, 5);1;64
0;0.0;MoveNorth;(21, 6);MoveNorth;(17, 5);1;65
0;0.0;MoveNorth;(21, 6);;(17, 5);1;66
0;0.0;MoveNorth;(21, 6);;(17, 5);1;67
0;0.0;MoveNorth;(21, 5);;(17, 5);1;68
0;0.0;MoveNorth;(21, 5);MoveWest;(16, 5);1;69
0;0.0;MoveNorth;(21, 5);;(16, 5);1;70
0;0.0;MoveNorth;(21, 5);;(16, 5);1;71
0;0.0;MoveNorth;(21, 5);;(16, 5);1;72
0;0.0;MoveNorth;(21, 5);;(16, 5);1;73
0;0.0;MoveNorth;(21, 5);;(16, 5);1;74
0;0.0;MoveNorth;(21, 5);MoveWest;(15, 5);1;75
0;0.0;MoveNorth;(21, 5);;(15, 5);1;76
0;0.0;MoveNorth;(21, 4);;(15, 5);1;77
0;0.0;MoveNorthWest;(21, 4);;(15, 5);1;78
0;0.0;MoveNorthWest;(21, 4);;(15, 5);1;79
0;0.0;MoveNorthWest;(21, 4);;(15, 5);1;80
0;0.0;MoveNorthWest;(21, 4);;(15, 5);1;81
0;0.0;MoveNorthWest;(21, 4);;(15, 5);1;82
0;0.0;MoveNorthWest;(21, 4);;(15, 5);1;83
0;0.0;MoveNorthWest;(21, 4);;(15, 5);1;84
0;0.0;MoveNorthWest;(21, 4);;(15, 5);1;85
0;0.0;MoveNorthWest;(20, 3);;(15, 5);1;86
0;0.0;MoveNorth;(20, 3);;(15, 5);1;87
0;0.0;MoveNorth;(20, 3);;(15, 5);1;88
0;0.0;MoveNorth;(20, 3);;(15, 5);1;89
0;0.0;MoveNorth;(20, 3);;(15, 5);1;90
0;0.0;MoveNorth;(20, 3);;(15, 5);1;91
0;0.0;MoveNorth;(20, 3);;(15, 5);1;92
0;0.0;MoveNorth;(20, 3);;(15, 5);1;93
0;0.0;MoveNorth;(20, 3);;(15, 5);1;94
0;0.0;MoveNorth;(20, 2);;(15, 5);1;95
0;0.0;MoveSouthEast;(20, 2);;(15, 5);1;96
0;0.0;MoveSouthEast;(20, 2);;(15, 5);1;97
0;0.0;MoveSouthEast;(20, 2);;(15, 5);1;98
0;0.0;MoveSouthEast;(20, 2);;(15, 5);1;99
0;0.0;MoveSouthEast;(20, 2);;(15, 5);1;100
0;0.0;MoveSouthEast;(20, 2);;(15, 5);1;101
0;0.0;MoveSouthEast;(20, 2);;(15, 5);1;102
0;0.0;MoveSouthEast;(20, 2);;(15, 5);1;103
0;0.0;MoveSouthEast;(21, 3);;(15, 5);1;104
0;0.0;MoveNorthEast;(21, 3);;(15, 5);1;105
0;0.0;MoveNorthEast;(21, 3);;(15, 5);1;106
0;0.0;MoveNorthEast;(21, 3);;(15, 5);1;107
0;0.0;MoveNorthEast;(21, 3);;(15, 5);1;108
0;0.0;MoveNorthEast;(21, 3);;(15, 5);1;109
0;0.0;MoveNorthEast;(21, 3);;(15, 5);1;110
0;0.0;MoveNorthEast;(21, 3);;(15, 5);1;111
0;0.0;MoveNorthEast;(21, 3);;(15, 5);1;112
0;0.0;MoveNorthEast;(22, 2);;(15, 5);1;113
0;0.0;Idle;(22, 2);;(15, 5);1;114
0;0.0;Idle;(22, 2);;(15, 5);1;115
0;0.0;Idle;(22, 2);;(15, 5);1;116
0;0.0;Idle;(22, 2);;(15, 5);1;117
0;0.0;Idle;(22, 2);;(15, 5);1;118
0;0.0;Idle;(22, 2);;(15, 5);1;119
0;0.0;Idle;(22, 2);;(15, 5);1;120
0;0.0;Idle;(22, 2);;(15, 5);1;121
0;0.0;Idle;(22, 2);;(15, 5);1;122
0;0.0;Idle;(22, 2);;(15, 5);1;123
0;0.0;Idle;(22, 2);;(15, 5);1;124
0;0.0;Idle;(22, 2);;(15, 5);1;125
0;0.0;Idle;(22, 2);;(15, 5);1;126
0;0.0;Idle;(22, 2);;(15, 5);1;127
0;0.0;Idle;(22, 2);;(15, 5);1;128
0;0.0;Idle;(22, 2);;(15, 5);1;129
0;0.0;Idle;(22, 2);;(15, 5);1;130
0;0.0;Idle;(22, 2);;(15, 5);1;131
0;0.0;Idle;(22, 2);;(15, 5);1;132
0;0.0;Idle;(22, 2);;(15, 5);1;133
0;0.0;Idle;(22, 2);;(15, 5);1;134
0;0.0;Idle;(22, 2);;(15, 5);1;135
0;0.0;Idle;(22, 2);;(15, 5);1;136
0;0.0;Idle;(22, 2);;(15, 5);1;137
0;0.0;Idle;(22, 2);;(15, 5);1;138
0;0.0;Idle;(22, 2);;(15, 5);1;139
0;0.0;MoveSouthWest;(22, 2);;(15, 5);1;140
0;0.0;MoveSouthWest;(22, 2);;(15, 5);1;141
0;0.0;MoveSouthWest;(22, 2);;(15, 5);1;142
0;0.0;MoveSouthWest;(22, 2);;(15, 5);1;143
0;0.0;MoveSouthWest;(22, 2);;(15, 5);1;144
0;0.0;MoveSouthWest;(22, 2);;(15, 5);1;145
0;0.0;MoveSouthWest;(22, 2);;(15, 5);1;146
0;0.0;MoveSouthWest;(22, 2);;(15, 5);1;147
0;0.0;MoveSouthWest;(21, 3);;(15, 5);1;148
0;0.0;MoveSouth;(21, 3);;(15, 5);1;149
0;0.0;MoveSouth;(21, 3);;(15, 5);1;150
0;0.0;MoveSouth;(21, 3);;(15, 5);1;151
0;0.0;MoveSouth;(21, 3);;(15, 5);1;152
0;0.0;MoveSouth;(21, 3);;(15, 5);1;153
0;0.0;MoveSouth;(21, 3);;(15, 5);1;154
0;0.0;MoveSouth;(21, 3);;(15, 5);1;155
0;0.0;MoveSouth;(21, 3);;(15, 5);1;156
0;0.0;MoveSouth;(21, 4);;(15, 5);1;157
0;0.0;MoveSouthWest;(21, 4);;(15, 5);1;158
0;0.0;MoveSouthWest;(21, 4);;(15, 5);1;159
0;0.0;MoveSouthWest;(21, 4);;(15, 5);1;160
0;0.0;MoveSouthWest;(21, 4);;(15, 5);1;161
0;0.0;MoveSouthWest;(21, 4);;(15, 5);1;162
0;0.0;MoveSouthWest;(21, 4);;(15, 5);1;163
0;0.0;MoveSouthWest;(21, 4);;(15, 5);1;164
0;0.0;MoveSouthWest;(21, 4);;(15, 5);1;165
0;0.0;MoveSouthWest;(20, 5);;(15, 5);1;166
0;0.0;MoveWest;(20, 5);;(15, 5);1;167
0;0.0;MoveWest;(20, 5);;(15, 5);1;168
0;0.0;MoveWest;(20, 5);;(15, 5);1;169
0;0.0;MoveWest;(20, 5);;(15, 5);1;170
0;0.0;MoveWest;(20, 5);;(15, 5);1;171
0;0.0;MoveWest;(20, 5);;(15, 5);1;172
0;0.0;MoveWest;(20, 5);;(15, 5);1;173
0;0.0;MoveWest;(20, 5);;(15, 5);1;174
0;0.0;MoveWest;(20, 5);;(15, 5);1;175
0;0.0;MoveWest;(20, 5);;(15, 5);1;176
0;0.0;MoveWest;(20, 5);;(15, 5);1;177
0;0.0;MoveWest;(20, 5);;(15, 5);1;178
0;0.0;MoveWest;(20, 5);;(15, 5);1;179
0;0.0;MoveWest;(19, 5);;(15, 5);1;180
0;0.0;MoveWest;(19, 5);;(15, 5);1;181
0;0.0;MoveWest;(19, 5);;(15, 5);1;182
0;0.0;MoveWest;(19, 5);;(15, 5);1;183
0;0.0;MoveWest;(19, 5);;(15, 5);1;184
0;0.0;MoveWest;(19, 5);;(15, 5);1;185
0;0.0;MoveWest;(19, 5);;(15, 5);1;186
0;0.0;MoveWest;(19, 5);;(15, 5);1;187
0;0.0;MoveWest;(19, 5);;(15, 5);1;188
0;0.0;MoveWest;(19, 5);;(15, 5);1;189
0;0.0;MoveWest;(19, 5);;(15, 5);1;190
0;0.0;MoveWest;(19, 5);;(15, 5);1;191
0;0.0;MoveWest;(19, 5);;(15, 5);1;192
0;0.0;MoveWest;(19, 5);;(15, 5);1;193
0;0.0;MoveWest;(18, 5);;(15, 5);1;194
0;0.0;MoveWest;(18, 5);;(15, 5);1;195
0;0.0;MoveWest;(18, 5);;(15, 5);1;196
0;0.0;MoveWest;(18, 5);;(15, 5);1;197
0;0.0;MoveWest;(18, 5);;(15, 5);1;198
0;0.0;MoveWest;(18, 5);;(15, 5);1;199
0;0.0;MoveWest;(18, 5);;(15, 5);1;200
0;0.0;MoveWest;(18, 5);;(15, 5);1;201
0;0.0;MoveWest;(18, 5);;(15, 5);1;202
0;0.0;MoveWest;(17, 5);;(15, 5);1;203
0;0.0;MoveWest;(17, 5);;(15, 5);1;204
0;0.0;MoveWest;(17, 5);;(15, 5);1;205
0;0.0;MoveWest;(17, 5);;(15, 5);1;206
0;0.0;MoveWest;(17, 5);;(15, 5);1;207
0;0.0;MoveWest;(17, 5);;(15, 5);1;208
0;0.0;MoveWest;(17, 5);;(15, 5);1;209
0;0.0;MoveWest;(17, 5);;(15, 5);1;210
0;0.0;MoveWest;(17, 5);;(15, 5);1;211
0;0.0;MoveWest;(16, 5);;(15, 5);1;212
0;0.0;MoveWest;(16, 5);;(15, 5);1;213
0;0.0;MoveWest;(16, 5);;(15, 5);1;214
0;0.0;MoveWest;(16, 5);;(15, 5);1;215
0;0.0;MoveWest;(16, 5);;(15, 5);1;216
0;0.0;MoveWest;(16, 5);;(15, 5);1;217
0;0.0;MoveWest;(16, 5);;(15, 5);1;218
0;0.0;MoveWest;(16, 5);;(15, 5);1;219
0;0.0;MoveWest;(16, 5);;(15, 5);1;220
0;0.0;MoveWest;(15, 5);;(15, 5);1;221
0;0.0;;(15, 5);;(15, 5);1;222
0;0.0;;(15, 5);;(15, 5);1;223
0;0.0;;(15, 5);;(15, 5);1;224
0;0.0;;(15, 5);;(15, 5);1;225
0;0.0;;(15, 5);;(15, 5);1;226
0;0.0;;(15, 5);;(15, 5);1;227
0;0.0;;(15, 5);;(15, 5);1;228
0;0.0;;(15, 5);;(15, 5);1;229
0;0.0;;(15, 5);;(15, 5);1;230
0;0.0;;(15, 5);;(15, 5);1;231
0;0.0;;(15, 5);;(15, 5);1;232
0;0.0;;(15, 5);;(15, 5);1;233
0;0.0;;(15, 5);;(15, 5);1;234
0;0.0;;(15, 5);;(15, 5);1;235
0;0.0;;(15, 5);;(15, 5);1;236
0;0.0;MoveSouth;(15, 5);;(15, 5);1;237
0;0.0;MoveSouth;(15, 5);;(15, 5);1;238
0;0.0;MoveSouth;(15, 5);;(15, 5);1;239
0;0.0;MoveSouth;(15, 5);MoveSouth;(15, 6);1;240
0;0.0;MoveSouth;(15, 5);MoveSouth;(15, 6);1;241
0;0.0;MoveSouth;(15, 5);;(15, 6);1;242
0;0.0;MoveSouth;(15, 5);;(15, 6);1;243
0;0.0;MoveSouth;(15, 5);;(15, 6);1;244
0;0.0;MoveSouth;(15, 6);;(15, 6);1;245
0;0.0;;(15, 6);;(15, 6);1;246
0;0.0;;(15, 6);;(15, 6);1;247
0;0.0;;(15, 6);;(15, 6);1;248
0;0.0;;(15, 6);;(15, 6);1;249
0;0.0;;(15, 6);;(15, 6);1;250
0;0.0;;(15, 6);;(15, 6);1;251
0;0.0;;(15, 6);;(15, 6);1;252
0;0.0;;(15, 6);;(15, 6);1;253
0;0.0;;(15, 6);;(15, 6);1;254
0;0.0;;(15, 6);;(15, 6);1;255
0;0.0;;(15, 6);;(15, 6);1;256
0;0.0;MoveWest;(15, 6);;(15, 6);1;257
0;0.0;MoveWest;(15, 6);;(15, 6);1;258
0;0.0;MoveWest;(15, 6);;(15, 6);1;259
0;0.0;MoveWest;(15, 6);;(15, 6);1;260
0;0.0;MoveWest;(15, 6);MoveWest;(14, 6);1;261
0;0.0;MoveWest;(15, 6);;(14, 6);1;262
0;0.0;MoveWest;(15, 6);MoveWest;(13, 6);1;263
0;0.0;MoveWest;(15, 6);MoveWest;(12, 6);1;264
0;0.0;MoveWest;(14, 6);MoveWest;(12, 6);1;265
0;0.0;MoveWest;(14, 6);MoveWest;(12, 6);1;266
0;0.0;MoveWest;(14, 6);MoveWest;(12, 6);1;267
0;0.0;MoveWest;(14, 6);MoveWest;(12, 6);1;268
0;0.0;MoveWest;(14, 6);MoveWest;(12, 6);1;269
0;0.0;MoveWest;(14, 6);MoveWest;(11, 6);1;270
0;0.0;MoveWest;(14, 6);MoveWest;(11, 6);1;271
0;0.0;MoveWest;(14, 6);MoveWest;(11, 6);1;272
0;0.0;MoveWest;(14, 6);MoveWest;(11, 6);1;273
0;0.0;MoveWest;(13, 6);MoveWest;(11, 6);1;274
0;0.0;MoveWest;(13, 6);MoveWest;(11, 6);1;275
0;0.0;MoveWest;(13, 6);MoveWest;(10, 6);1;276
0;0.0;MoveWest;(13, 6);;(10, 6);1;277
0;0.0;MoveWest;(13, 6);MoveWest;(10, 6);1;278
0;0.0;MoveWest;(13, 6);MoveWest;(10, 6);1;279
0;0.0;MoveWest;(13, 6);MoveWest;(10, 6);1;280
0;0.0;MoveWest;(13, 6);MoveWest;(10, 6);1;281
0;0.0;MoveWest;(13, 6);MoveWest;(10, 6);1;282
0;0.0;MoveWest;(12, 6);MoveWest;(9, 6);1;283
0;0.0;MoveWest;(12, 6);MoveWest;(8, 6);1;284
0;0.0;MoveWest;(12, 6);;(8, 6);1;285
0;0.0;MoveWest;(12, 6);;(8, 6);1;286
0;0.0;MoveWest;(12, 6);;(8, 6);1;287
0;0.0;MoveWest;(12, 6);;(8, 6);1;288
0;0.0;MoveWest;(12, 6);;(8, 6);1;289
0;0.0;MoveWest;(12, 6);;(8, 6);1;290
0;0.0;MoveWest;(12, 6);;(8, 6);1;291
0;0.0;MoveWest;(12, 6);;(8, 6);1;292
0;0.0;MoveWest;(12, 6);;(8, 6);1;293
0;0.0;MoveWest;(12, 6);;(8, 6);1;294
0;0.0;MoveWest;(12, 6);MoveEast;(9, 6);1;295
0;0.0;MoveWest;(12, 6);;(9, 6);1;296
0;0.0;MoveWest;(11, 6);;(9, 6);1;297
0;0.0;MoveWest;(11, 6);;(9, 6);1;298
0;0.0;MoveWest;(11, 6);;(9, 6);1;299
0;0.0;MoveWest;(11, 6);;(9, 6);1;300
0;0.0;MoveWest;(11, 6);;(9, 6);1;301
0;0.0;MoveWest;(11, 6);;(9, 6);1;302
0;0.0;MoveWest;(11, 6);;(9, 6);1;303
0;0.0;MoveWest;(11, 6);;(9, 6);1;304
0;0.0;MoveWest;(11, 6);;(9, 6);1;305
0;0.0;MoveWest;(11, 6);;(9, 6);1;306
0;0.0;MoveWest;(11, 6);;(9, 6);1;307
0;0.0;MoveWest;(11, 6);;(9, 6);1;308
0;0.0;MoveWest;(11, 6);;(9, 6);1;309
0;0.0;MoveWest;(11, 6);;(9, 6);1;310
0;0.0;MoveWest;(10, 6);;(9, 6);1;311
0;0.0;MoveWest;(10, 6);;(9, 6);1;312
0;0.0;MoveWest;(10, 6);;(9, 6);1;313
0;0.0;MoveWest;(10, 6);;(9, 6);1;314
0;0.0;MoveWest;(10, 6);;(9, 6);1;315
0;0.0;MoveWest;(10, 6);;(9, 6);1;316
0;0.0;MoveWest;(10, 6);;(9, 6);1;317
0;0.0;MoveWest;(10, 6);;(9, 6);1;318
0;0.0;MoveWest;(10, 6);;(9, 6);1;319
0;0.0;MoveWest;(10, 6);;(9, 6);1;320
0;0.0;MoveWest;(10, 6);;(9, 6);1;321
0;0.0;MoveWest;(10, 6);;(9, 6);1;322
0;0.0;MoveWest;(10, 6);;(9, 6);1;323
0;0.0;MoveWest;(10, 6);;(9, 6);1;324
0;0.0;MoveWest;(9, 6);;(9, 6);1;325
0;0.0;;(9, 6);;(9, 6);1;326
0;0.0;;(9, 6);;(9, 6);1;327
0;0.0;;(9, 6);;(9, 6);1;328
0;0.0;;(9, 6);;(9, 6);1;329
0;0.0;;(9, 6);;(9, 6);1;330
0;0.0;;(9, 6);;(9, 6);1;331
0;0.0;;(9, 6);;(9, 6);1;332
0;0.0;;(9, 6);;(9, 6);1;333
0;0.0;;(9, 6);;(9, 6);1;334
0;0.0;;(9, 6);;(9, 6);1;335
0;0.0;;(9, 6);;(9, 6);1;336
0;0.0;;(9, 6);;(9, 6);1;337
0;0.0;;(9, 6);;(9, 6);1;338
0;0.0;;(9, 6);;(9, 6);1;339
0;0.0;;(9, 6);;(9, 6);1;340
0;0.0;;(9, 6);;(9, 6);1;341
0;0.0;;(9, 6);;(9, 6);1;342
0;0.0;;(9, 6);;(9, 6);1;343
0;0.0;;(9, 6);;(9, 6);1;344
0;0.0;;(9, 6);;(9, 6);1;345
0;0.0;;(9, 6);;(9, 6);1;346
0;0.0;;(9, 6);;(9, 6);1;347
0;0.0;;(9, 6);;(9, 6);1;348
0;0.0;;(9, 6);;(9, 6);1;349
0;0.0;;(9, 6);;(9, 6);1;350
0;0.0;;(9, 6);;(9, 6);1;351
0;0.0;;(9, 6);;(9, 6);1;352
0;0.0;;(9, 6);;(9, 6);1;353
0;0.0;;(9, 6);;(9, 6);1;354
0;0.0;;(9, 6);;(9, 6);1;355
0;0.0;;(9, 6);;(9, 6);1;356
0;0.0;;(9, 6);;(9, 6);1;357
0;0.0;;(9, 6);;(9, 6);1;358
0;0.0;;(9, 6);;(9, 6);1;359
0;0.0;;(9, 6);;(9, 6);1;360
0;0.0;;(9, 6);;(9, 6);1;361
0;0.0;;(9, 6);;(9, 6);1;362
0;0.0;;(9, 6);;(9, 6);1;363
0;0.0;;(9, 6);;(9, 6);1;364
0;0.0;;(9, 6);;(9, 6);1;365
0;0.0;;(9, 6);;(9, 6);1;366
0;0.0;;(9, 6);;(9, 6);1;367
0;0.0;;(9, 6);;(9, 6);1;368
0;0.0;;(9, 6);;(9, 6);1;369
0;0.0;;(9, 6);RemoveObjectTogether;(9, 6);1;370
0;0.0;;(9, 6);RemoveObjectTogether;(9, 6);1;371
0;0.0;;(9, 6);RemoveObjectTogether;(9, 6);1;372
0;0.0;;(9, 6);RemoveObjectTogether;(9, 6);1;373
0;0.0;;(9, 6);RemoveObjectTogether;(9, 6);1;374
0;0.0;;(9, 6);RemoveObjectTogether;(9, 6);1;375
0;0.0;;(9, 6);RemoveObjectTogether;(9, 6);1;376
0;0.0;;(9, 6);RemoveObjectTogether;(9, 6);1;377
0;0.0;;(9, 6);RemoveObjectTogether;(9, 6);1;378
0;0.0;;(9, 6);RemoveObjectTogether;(9, 6);1;379
0;0.0;;(9, 6);RemoveObjectTogether;(9, 6);1;380
0;0.0;;(9, 6);RemoveObjectTogether;(9, 6);1;381
0;0.0;;(9, 6);RemoveObjectTogether;(9, 6);1;382
0;0.0;;(9, 6);RemoveObjectTogether;(9, 6);1;383
0;0.0;;(9, 6);RemoveObjectTogether;(9, 6);1;384
0;0.0;;(9, 6);RemoveObjectTogether;(9, 6);1;385
0;0.0;;(9, 6);RemoveObjectTogether;(9, 6);1;386
0;0.0;;(9, 6);RemoveObjectTogether;(9, 6);1;387
0;0.0;;(9, 6);RemoveObjectTogether;(9, 6);1;388
0;0.0;;(9, 6);RemoveObjectTogether;(9, 6);1;389
0;0.0;;(9, 6);RemoveObjectTogether;(9, 6);1;390
0;0.0;;(9, 6);RemoveObjectTogether;(9, 6);1;391
0;0.0;;(9, 6);RemoveObjectTogether;(9, 6);1;392
0;0.0;;(9, 6);RemoveObjectTogether;(9, 6);1;393
0;0.0;;(9, 6);RemoveObjectTogether;(9, 6);1;394
0;0.0;;(9, 6);RemoveObjectTogether;(9, 6);1;395
0;0.0;MoveSouth;(9, 6);;(9, 6);1;396
0;0.0;MoveSouth;(9, 6);;(9, 6);1;397
0;0.0;MoveSouth;(9, 6);;(9, 6);1;398
0;0.0;MoveSouth;(9, 6);;(9, 6);1;399
0;0.0;MoveSouth;(9, 6);;(9, 6);1;400
0;0.0;MoveSouth;(9, 6);;(9, 6);1;401
0;0.0;MoveSouth;(9, 6);;(9, 6);1;402
0;0.0;MoveSouth;(9, 6);;(9, 6);1;403
0;0.0;MoveSouth;(9, 7);MoveSouth;(9, 7);1;404
0;0.0;MoveSouthWest;(9, 7);;(9, 7);1;405
0;0.0;MoveSouthWest;(9, 7);MoveSouth;(9, 8);1;406
0;0.0;MoveSouthWest;(9, 7);;(9, 8);1;407
0;0.0;MoveSouthWest;(9, 7);;(9, 8);1;408
0;0.0;MoveSouthWest;(9, 7);MoveSouth;(9, 9);1;409
0;0.0;MoveSouthWest;(9, 7);;(9, 9);1;410
0;0.0;MoveSouthWest;(9, 7);;(9, 9);1;411
0;0.0;MoveSouthWest;(9, 7);;(9, 9);1;412
0;0.0;MoveSouthWest;(8, 8);;(9, 9);1;413
0;0.0;MoveSouthEast;(8, 8);MoveWest;(8, 9);1;414
0;0.0;MoveSouthEast;(8, 8);;(8, 9);1;415
0;0.0;MoveSouthEast;(8, 8);;(8, 9);1;416
0;0.0;MoveSouthEast;(8, 8);;(8, 9);1;417
0;0.0;MoveSouthEast;(8, 8);;(8, 9);1;418
0;0.0;MoveSouthEast;(8, 8);;(8, 9);1;419
0;0.0;MoveSouthEast;(8, 8);;(8, 9);1;420
0;0.0;MoveSouthEast;(8, 8);;(8, 9);1;421
0;0.0;MoveSouthEast;(9, 9);;(8, 9);1;422
0;0.0;MoveNorthEast;(9, 9);;(8, 9);1;423
0;0.0;MoveNorthEast;(9, 9);;(8, 9);1;424
0;0.0;MoveNorthEast;(9, 9);;(8, 9);1;425
0;0.0;MoveNorthEast;(9, 9);;(8, 9);1;426
0;0.0;MoveNorthEast;(9, 9);;(8, 9);1;427
0;0.0;MoveNorthEast;(9, 9);;(8, 9);1;428
0;0.0;MoveNorthEast;(9, 9);;(8, 9);1;429
0;0.0;MoveNorthEast;(9, 9);;(8, 9);1;430
0;0.0;MoveNorthEast;(10, 8);;(8, 9);1;431
0;0.0;;(10, 8);;(8, 9);1;432
0;0.0;;(10, 8);;(8, 9);1;433
0;0.0;;(10, 8);;(8, 9);1;434
0;0.0;;(10, 8);;(8, 9);1;435
0;0.0;;(10, 8);;(8, 9);1;436
0;0.0;;(10, 8);;(8, 9);1;437
0;0.0;;(10, 8);;(8, 9);1;438
0;0.0;;(10, 8);;(8, 9);1;439
0;0.0;;(10, 8);;(8, 9);1;440
0;0.0;;(10, 8);;(8, 9);1;441
0;0.0;Idle;(10, 8);;(8, 9);1;442
0;0.0;Idle;(10, 8);;(8, 9);1;443
0;0.0;Idle;(10, 8);;(8, 9);1;444
0;0.0;Idle;(10, 8);;(8, 9);1;445
0;0.0;Idle;(10, 8);;(8, 9);1;446
0;0.0;Idle;(10, 8);;(8, 9);1;447
0;0.0;Idle;(10, 8);;(8, 9);1;448
0;0.0;Idle;(10, 8);;(8, 9);1;449
0;0.0;Idle;(10, 8);;(8, 9);1;450
0;0.0;Idle;(10, 8);;(8, 9);1;451
0;0.0;Idle;(10, 8);;(8, 9);1;452
0;0.0;Idle;(10, 8);;(8, 9);1;453
0;0.0;Idle;(10, 8);;(8, 9);1;454
0;0.0;Idle;(10, 8);;(8, 9);1;455
0;0.0;Idle;(10, 8);;(8, 9);1;456
0;0.0;Idle;(10, 8);;(8, 9);1;457
0;0.0;Idle;(10, 8);;(8, 9);1;458
0;0.0;Idle;(10, 8);CarryObjectTogether;(8, 9);1;459
0;0.0;Idle;(10, 8);;(8, 9);1;460
0;0.0;Idle;(10, 8);;(8, 9);1;461
0;0.0;Idle;(10, 8);;(8, 9);1;462
0;0.0;Idle;(10, 8);MoveEast;(9, 9);1;463
0;0.0;Idle;(10, 8);;(9, 9);1;464
0;0.0;Idle;(10, 8);;(9, 9);1;465
0;0.0;Idle;(10, 8);;(9, 9);1;466
0;0.0;Idle;(10, 8);;(9, 9);1;467
0;0.0;Idle;(10, 8);;(9, 9);1;468
0;0.0;Idle;(10, 8);;(9, 9);1;469
0;0.0;Idle;(10, 8);MoveWest;(8, 9);1;470
0;0.0;Idle;(10, 8);;(8, 9);1;471
0;0.0;Idle;(10, 8);;(8, 9);1;472
0;0.0;Idle;(10, 8);;(8, 9);1;473
0;0.0;Idle;(10, 8);;(8, 9);1;474
0;0.0;Idle;(10, 8);;(8, 9);1;475
0;0.0;Idle;(10, 8);;(8, 9);1;476
0;0.0;Idle;(10, 8);;(8, 9);1;477
0;0.0;Idle;(10, 8);;(8, 9);1;478
0;0.0;Idle;(10, 8);;(8, 9);1;479
0;0.0;Idle;(10, 8);;(8, 9);1;480
0;0.0;Idle;(10, 8);;(8, 9);1;481
0;0.0;Idle;(10, 8);;(8, 9);1;482
0;0.0;Idle;(10, 8);;(8, 9);1;483
0;0.0;Idle;(10, 8);;(8, 9);1;484
0;0.0;Idle;(10, 8);;(8, 9);1;485
0;0.0;Idle;(10, 8);;(8, 9);1;486
0;0.0;Idle;(10, 8);;(8, 9);1;487
0;0.0;Idle;(10, 8);;(8, 9);1;488
0;0.0;Idle;(10, 8);;(8, 9);1;489
0;0.0;Idle;(10, 8);;(8, 9);1;490
0;0.0;Idle;(10, 8);;(8, 9);1;491
0;0.0;Idle;(10, 8);;(8, 9);1;492
0;0.0;Idle;(10, 8);;(8, 9);1;493
0;0.0;MoveWest;(10, 8);;(8, 9);1;494
0;0.0;MoveWest;(10, 8);;(8, 9);1;495
0;0.0;MoveWest;(10, 8);;(8, 9);1;496
0;0.0;MoveWest;(10, 8);;(8, 9);1;497
0;0.0;MoveWest;(10, 8);;(8, 9);1;498
0;0.0;MoveWest;(10, 8);;(8, 9);1;499
0;0.0;MoveWest;(10, 8);;(8, 9);1;500
0;0.0;MoveWest;(10, 8);;(8, 9);1;501
0;0.0;MoveWest;(9, 8);CarryObjectTogether;(8, 9);1;502
0;0.0;MoveSouthWest;(9, 8);;(8, 9);1;503
0;0.0;MoveSouthWest;(9, 8);;(8, 9);1;504
0;0.0;MoveSouthWest;(9, 8);;(8, 9);1;505
0;0.0;MoveSouthWest;(9, 8);;(8, 9);1;506
0;0.0;MoveSouthWest;(9, 8);;(8, 9);1;507
0;0.0;MoveSouthWest;(9, 8);;(8, 9);1;508
0;0.0;MoveSouthWest;(9, 8);;(8, 9);1;509
0;0.0;MoveSouthWest;(9, 8);;(8, 9);1;510
0;0.0;MoveSouthWest;(8, 9);;(8, 9);1;511
0;0.0;;(8, 9);;(8, 9);1;512
0;0.0;;(8, 9);;(8, 9);1;513
0;0.0;;(8, 9);;(8, 9);1;514
0;0.0;;(8, 9);;(8, 9);1;515
0;0.0;;(8, 9);;(8, 9);1;516
0;0.0;;(8, 9);;(8, 9);1;517
0;0.0;;(8, 9);;(8, 9);1;518
0;0.0;;(8, 9);;(8, 9);1;519
0;0.0;;(8, 9);;(8, 9);1;520
0;0.0;;(8, 9);;(8, 9);1;521
0;0.0;;(8, 9);;(8, 9);1;522
0;0.0;;(8, 9);;(8, 9);1;523
0;0.0;;(8, 9);;(8, 9);1;524
0;0.0;;(8, 9);;(8, 9);1;525
0;0.0;;(8, 9);;(8, 9);1;526
0;0.0;;(8, 9);;(8, 9);1;527
0;0.0;;(8, 9);;(8, 9);1;528
0;0.0;;(8, 9);;(8, 9);1;529
0;0.0;;(8, 9);;(8, 9);1;530
0;0.0;;(8, 9);;(8, 9);1;531
0;0.0;;(8, 9);;(8, 9);1;532
0;0.0;;(8, 9);;(8, 9);1;533
0;0.0;;(8, 9);CarryObjectTogether;(8, 9);1;534
0;0.0;;(8, 9);;(8, 9);1;535
0;0.0;;(8, 9);;(8, 9);1;536
0;0.0;;(8, 9);;(8, 9);1;537
0;0.0;;(8, 9);;(8, 9);1;538
0;0.0;;(8, 9);;(8, 9);1;539
0;0.0;;(8, 9);;(8, 9);1;540
0;0.0;;(8, 9);MoveEast;(9, 9);1;541
0;0.0;;(8, 9);;(9, 9);1;542
0;0.0;;(8, 9);;(9, 9);1;543
0;0.0;;(8, 9);;(9, 9);1;544
0;0.0;;(8, 9);MoveNorth;(9, 8);1;545
0;0.0;;(8, 9);;(9, 8);1;546
0;0.0;;(8, 9);MoveNorth;(9, 7);1;547
0;0.0;;(8, 9);;(9, 7);1;548
0;0.0;;(8, 9);;(9, 7);1;549
0;0.0;;(8, 9);;(9, 7);1;550
0;0.0;;(8, 9);;(9, 7);1;551
0;0.0;;(8, 9);MoveEast;(9, 7);1;552
0;0.0;;(8, 9);;(9, 7);1;553
0;0.0;;(8, 9);;(9, 7);1;554
0;0.0;;(8, 9);;(9, 7);1;555
0;0.0;;(8, 9);MoveNorth;(9, 6);1;556
0;0.0;;(8, 9);;(9, 6);1;557
0;0.0;;(8, 9);;(9, 6);1;558
0;0.0;;(8, 9);;(9, 6);1;559
0;0.0;;(8, 9);MoveEast;(10, 6);1;560
0;0.0;;(8, 9);;(10, 6);1;561
0;0.0;;(8, 9);MoveEast;(10, 6);1;562
0;0.0;;(8, 9);MoveEast;(10, 6);1;563
0;0.0;;(8, 9);MoveEast;(10, 6);1;564
0;0.0;;(8, 9);MoveEast;(10, 6);1;565
0;0.0;;(8, 9);MoveEast;(10, 6);1;566
0;0.0;;(8, 9);MoveEast;(11, 6);1;567
0;0.0;;(8, 9);MoveEast;(11, 6);1;568
0;0.0;;(8, 9);MoveEast;(11, 6);1;569
0;0.0;;(8, 9);MoveEast;(11, 6);1;570
0;0.0;;(8, 9);MoveEast;(11, 6);1;571
0;0.0;;(8, 9);MoveEast;(11, 6);1;572
0;0.0;;(8, 9);MoveEast;(12, 6);1;573
0;0.0;;(8, 9);MoveEast;(12, 6);1;574
0;0.0;;(8, 9);MoveEast;(12, 6);1;575
0;0.0;;(8, 9);MoveEast;(12, 6);1;576
0;0.0;;(8, 9);MoveEast;(12, 6);1;577
0;0.0;;(8, 9);MoveEast;(12, 6);1;578
0;0.0;;(8, 9);MoveEast;(13, 6);1;579
0;0.0;;(8, 9);MoveEast;(14, 6);1;580
0;0.0;;(8, 9);;(14, 6);1;581
0;0.0;;(8, 9);;(14, 6);1;582
0;0.0;;(8, 9);MoveEast;(15, 6);1;583
0;0.0;;(8, 9);;(15, 6);1;584
0;0.0;;(8, 9);MoveEast;(16, 6);1;585
0;0.0;;(8, 9);MoveEast;(17, 6);1;586
0;0.0;;(8, 9);MoveEast;(18, 6);1;587
0;0.0;;(8, 9);MoveEast;(19, 6);1;588
0;0.0;;(8, 9);MoveEast;(19, 6);1;589
0;0.0;;(8, 9);MoveEast;(19, 6);1;590
0;0.0;;(8, 9);MoveEast;(19, 6);1;591
0;0.0;;(8, 9);MoveEast;(19, 6);1;592
0;0.0;;(8, 9);MoveEast;(19, 6);1;593
0;0.0;;(8, 9);MoveEast;(20, 6);1;594
0;0.0;;(8, 9);;(20, 6);1;595
0;0.0;;(8, 9);MoveWest;(19, 6);1;596
0;0.0;;(8, 9);;(19, 6);1;597
0;0.0;;(8, 9);;(19, 6);1;598
0;0.0;;(8, 9);;(19, 6);1;599
0;0.0;;(8, 9);;(19, 6);1;600
0;0.0;;(8, 9);;(19, 6);1;601
0;0.0;;(8, 9);;(19, 6);1;602
0;0.0;;(8, 9);MoveWest;(19, 6);1;603
0;0.0;;(8, 9);MoveWest;(19, 6);1;604
0;0.0;;(8, 9);MoveWest;(19, 6);1;605
0;0.0;;(8, 9);MoveWest;(19, 6);1;606
0;0.0;;(8, 9);MoveWest;(19, 6);1;607
0;0.0;;(8, 9);MoveWest;(18, 6);1;608
0;0.0;;(8, 9);MoveSouth;(18, 7);1;609
0;0.0;;(8, 9);;(18, 7);1;610
0;0.0;;(8, 9);MoveSouth;(18, 8);1;611
0;0.0;;(8, 9);MoveSouth;(18, 9);1;612
0;0.0;;(8, 9);MoveSouth;(18, 9);1;613
0;0.0;;(8, 9);MoveSouth;(18, 9);1;614
0;0.0;;(8, 9);MoveSouth;(18, 9);1;615
0;0.0;;(8, 9);MoveSouth;(18, 9);1;616
0;0.0;;(8, 9);MoveSouth;(18, 9);1;617
0;0.0;;(8, 9);MoveSouth;(18, 10);1;618
0;0.0;;(8, 9);MoveEast;(18, 10);1;619
0;0.0;;(8, 9);MoveEast;(18, 10);1;620
0;0.0;;(8, 9);MoveEast;(18, 10);1;621
0;0.0;;(8, 9);MoveEast;(18, 10);1;622
0;0.0;;(8, 9);MoveEast;(18, 10);1;623
0;0.0;;(8, 9);MoveEast;(19, 10);1;624
0;0.0;;(8, 9);MoveEast;(20, 10);1;625
0;0.0;;(8, 9);MoveEast;(21, 10);1;626
0;0.0;;(8, 9);MoveEast;(22, 10);1;627
0;0.0;;(8, 9);;(22, 10);1;628
0;0.0;;(8, 9);MoveEast;(23, 10);1;629
0;0.0;;(8, 9);;(23, 10);1;630
0;0.0;;(8, 9);;(23, 10);1;631
0;0.0;;(8, 9);;(23, 10);1;632
0;0.0;;(8, 9);;(23, 10);1;633
0;0.0;;(8, 9);;(23, 10);1;634
0;0.0;;(8, 9);MoveSouth;(23, 11);1;635
0;0.0;;(8, 9);;(23, 11);1;636
0;0.0;;(8, 9);;(23, 11);1;637
0;0.0;;(8, 9);;(23, 11);1;638
0;0.0;;(8, 9);;(23, 11);1;639
0;0.0;;(8, 9);;(23, 11);1;640
0;0.0;;(8, 9);;(23, 11);1;641
0;0.0;;(8, 9);;(23, 11);1;642
0;0.0;;(8, 9);;(23, 11);1;643
0;0.0;;(8, 9);;(23, 11);1;644
0;0.0;;(8, 9);;(23, 11);1;645
0;0.0;;(8, 9);;(23, 11);1;646
0;0.0;;(8, 9);;(23, 11);1;647
0;0.0;;(8, 9);;(23, 11);1;648
0;0.0;;(8, 9);;(23, 11);1;649
0;0.0;;(8, 9);;(23, 11);1;650
0;0.0;;(8, 9);;(23, 11);1;651
0;0.0;;(8, 9);;(23, 11);1;652
0;0.0;;(8, 9);;(23, 11);1;653
0;0.0;;(8, 9);;(23, 11);1;654
0;0.0;;(8, 9);;(23, 11);1;655
0;0.0;;(8, 9);;(23, 11);1;656
0;0.0;;(8, 9);;(23, 11);1;657
0;0.0;;(8, 9);;(23, 11);1;658
0;0.0;;(8, 9);;(23, 11);1;659
0;0.0;;(8, 9);;(23, 11);1;660
0;0.0;;(8, 9);;(23, 11);1;661
0;0.0;;(8, 9);;(23, 11);1;662
0;0.0;;(8, 9);;(23, 11);1;663
0;0.0;;(8, 9);;(23, 11);1;664
0;0.0;;(8, 9);;(23, 11);1;665
0;0.0;;(8, 9);;(23, 11);1;666
0;0.0;;(8, 9);;(23, 11);1;667
0;0.0;;(8, 9);;(23, 11);1;668
0;0.0;;(8, 9);;(23, 11);1;669
0;0.0;;(8, 9);;(23, 11);1;670
0;0.0;;(8, 9);;(23, 11);1;671
0;0.0;;(8, 9);;(23, 11);1;672
0;0.0;;(8, 9);;(23, 11);1;673
0;0.0;;(8, 9);;(23, 11);1;674
0;0.0;;(8, 9);;(23, 11);1;675
0;0.0;;(8, 9);;(23, 11);1;676
0;0.0;;(8, 9);;(23, 11);1;677
0;0.0;;(8, 9);;(23, 11);1;678
0;0.0;;(8, 9);CarryObjectTogether;(23, 11);1;679
0;0.0;;(8, 9);;(23, 11);1;680
0;0.0;;(8, 9);;(23, 11);1;681
0;0.0;;(8, 9);;(23, 11);1;682
0;0.0;;(8, 9);;(23, 11);1;683
0;0.0;;(8, 9);;(23, 11);1;684
0;0.0;;(8, 9);;(23, 11);1;685
0;0.0;;(8, 9);;(23, 11);1;686
0;0.0;;(8, 9);;(23, 11);1;687
0;0.0;;(8, 9);;(23, 11);1;688
0;0.0;;(8, 9);;(23, 11);1;689
0;0.0;;(8, 9);;(23, 11);1;690
0;0.0;;(8, 9);;(23, 11);1;691
0;0.0;;(8, 9);;(23, 11);1;692
0;0.0;;(8, 9);;(23, 11);1;693
0;0.0;;(8, 9);;(23, 11);1;694
0;0.0;;(8, 9);;(23, 11);1;695
0;0.0;;(8, 9);;(23, 11);1;696
0;0.0;;(8, 9);;(23, 11);1;697
0;0.0;;(8, 9);;(23, 11);1;698
0;0.0;;(8, 9);;(23, 11);1;699
0;0.0;;(8, 9);;(23, 11);1;700
0;0.0;;(8, 9);;(23, 11);1;701
0;0.0;;(8, 9);;(23, 11);1;702
0;0.0;;(8, 9);;(23, 11);1;703
6;0.125;;(23, 11);DropObjectTogether;(23, 11);1;704
6;0.125;Drop;(23, 11);;(23, 11);1;705
6;0.125;Drop;(23, 11);;(23, 11);1;706
6;0.125;Drop;(23, 11);;(23, 11);1;707
6;0.125;Drop;(23, 11);;(23, 11);1;708
6;0.125;Drop;(23, 11);;(23, 11);1;709
6;0.125;Drop;(23, 11);;(23, 11);1;710
6;0.125;Drop;(23, 11);;(23, 11);1;711
6;0.125;Drop;(23, 11);;(23, 11);1;712
6;0.125;Drop;(23, 11);;(23, 11);1;713
6;0.125;MoveSouth;(23, 11);;(23, 11);1;714
6;0.125;MoveSouth;(23, 11);;(23, 11);1;715
6;0.125;MoveSouth;(23, 11);;(23, 11);1;716
6;0.125;MoveSouth;(23, 11);;(23, 11);1;717
6;0.125;MoveSouth;(23, 11);;(23, 11);1;718
6;0.125;MoveSouth;(23, 11);;(23, 11);1;719
6;0.125;MoveSouth;(23, 11);;(23, 11);1;720
6;0.125;MoveSouth;(23, 11);;(23, 11);1;721
6;0.125;MoveSouth;(23, 12);;(23, 11);1;722
6;0.125;MoveSouth;(23, 12);;(23, 11);1;723
6;0.125;MoveSouth;(23, 12);;(23, 11);1;724
6;0.125;MoveSouth;(23, 12);;(23, 11);1;725
6;0.125;MoveSouth;(23, 12);;(23, 11);1;726
6;0.125;MoveSouth;(23, 12);;(23, 11);1;727
6;0.125;MoveSouth;(23, 12);;(23, 11);1;728
6;0.125;MoveSouth;(23, 12);;(23, 11);1;729
6;0.125;MoveSouth;(23, 12);;(23, 11);1;730
6;0.125;MoveSouth;(23, 13);;(23, 11);1;731
6;0.125;MoveSouth;(23, 13);;(23, 11);1;732
6;0.125;MoveSouth;(23, 13);;(23, 11);1;733
6;0.125;MoveSouth;(23, 13);;(23, 11);1;734
6;0.125;MoveSouth;(23, 13);;(23, 11);1;735
6;0.125;MoveSouth;(23, 13);;(23, 11);1;736
6;0.125;MoveSouth;(23, 13);;(23, 11);1;737
6;0.125;MoveSouth;(23, 13);;(23, 11);1;738
6;0.125;MoveSouth;(23, 13);;(23, 11);1;739
6;0.125;MoveSouth;(23, 14);;(23, 11);1;740
6;0.125;MoveSouthWest;(23, 14);;(23, 11);1;741
6;0.125;MoveSouthWest;(23, 14);;(23, 11);1;742
6;0.125;MoveSouthWest;(23, 14);;(23, 11);1;743
6;0.125;MoveSouthWest;(23, 14);;(23, 11);1;744
6;0.125;MoveSouthWest;(23, 14);;(23, 11);1;745
6;0.125;MoveSouthWest;(23, 14);;(23, 11);1;746
6;0.125;MoveSouthWest;(23, 14);;(23, 11);1;747
6;0.125;MoveSouthWest;(23, 14);;(23, 11);1;748
6;0.125;MoveSouthWest;(22, 15);;(23, 11);1;749
6;0.125;MoveSouth;(22, 15);;(23, 11);1;750
6;0.125;MoveSouth;(22, 15);;(23, 11);1;751
6;0.125;MoveSouth;(22, 15);;(23, 11);1;752
6;0.125;MoveSouth;(22, 15);;(23, 11);1;753
6;0.125;MoveSouth;(22, 15);;(23, 11);1;754
6;0.125;MoveSouth;(22, 15);;(23, 11);1;755
6;0.125;MoveSouth;(22, 15);;(23, 11);1;756
6;0.125;MoveSouth;(22, 15);;(23, 11);1;757
6;0.125;MoveSouth;(22, 16);;(23, 11);1;758
6;0.125;MoveSouthWest;(22, 16);;(23, 11);1;759
6;0.125;MoveSouthWest;(22, 16);;(23, 11);1;760
6;0.125;MoveSouthWest;(22, 16);;(23, 11);1;761
6;0.125;MoveSouthWest;(22, 16);;(23, 11);1;762
6;0.125;MoveSouthWest;(22, 16);;(23, 11);1;763
6;0.125;MoveSouthWest;(22, 16);;(23, 11);1;764
6;0.125;MoveSouthWest;(22, 16);;(23, 11);1;765
6;0.125;MoveSouthWest;(22, 16);;(23, 11);1;766
6;0.125;MoveSouthWest;(21, 17);;(23, 11);1;767
6;0.125;MoveSouth;(21, 17);;(23, 11);1;768
6;0.125;MoveSouth;(21, 17);;(23, 11);1;769
6;0.125;MoveSouth;(21, 17);;(23, 11);1;770
6;0.125;MoveSouth;(21, 17);;(23, 11);1;771
6;0.125;MoveSouth;(21, 17);;(23, 11);1;772
6;0.125;MoveSouth;(21, 17);;(23, 11);1;773
6;0.125;MoveSouth;(21, 17);;(23, 11);1;774
6;0.125;MoveSouth;(21, 17);;(23, 11);1;775
6;0.125;MoveSouth;(21, 18);;(23, 11);1;776
6;0.125;;(21, 18);;(23, 11);1;777
6;0.125;;(21, 18);;(23, 11);1;778
6;0.125;;(21, 18);;(23, 11);1;779
6;0.125;;(21, 18);;(23, 11);1;780
6;0.125;;(21, 18);;(23, 11);1;781
6;0.125;;(21, 18);;(23, 11);1;782
6;0.125;;(21, 18);;(23, 11);1;783
6;0.125;;(21, 18);;(23, 11);1;784
6;0.125;;(21, 18);;(23, 11);1;785
6;0.125;;(21, 18);;(23, 11);1;786
6;0.125;;(21, 18);;(23, 11);1;787
6;0.125;;(21, 18);;(23, 11);1;788
6;0.125;;(21, 18);;(23, 11);1;789
6;0.125;;(21, 18);;(23, 11);1;790
6;0.125;;(21, 18);;(23, 11);1;791
6;0.125;;(21, 18);;(23, 11);1;792
